id,Target,Flow(Fij + Fji)
AD,JO,1
AD,PH,1
AD,CO,1
AE,IN,66
AE,PK,147
AE,IQ,6
AE,EG,11
AE,TR,3
AE,AF,9
AE,YE,27
AE,ID,28
AE,NP,1
AE,UA,6
AE,MM,2
AE,TZ,16
AE,NG,88
AE,CD,6
AE,US,5
AE,AZ,12
AE,VN,20
AE,KE,185
AE,BR,1
AE,UG,69
AE,JO,42
AE,TJ,102
AE,MW,1
AE,PH,401
AE,LB,57
AE,ZM,1
AE,MG,22
AE,GE,13
AE,BI,2
AE,CM,17
AE,MZ,10
AE,RW,20
AE,KG,21
AE,GH,25
AE,MX,10
AE,BF,4
AE,AM,26
AE,ZW,29
AE,LA,1
AE,KH,88
AE,ML,23
AE,BJ,11
AE,SN,7
AE,AL,5
AE,CO,18
AE,CG,3
AE,TG,19
AE,SL,21
AE,MN,12
AE,PE,81
AE,LR,9
AE,DO,4
AE,HT,5
AE,GT,16
AE,LS,2
AE,EC,36
AE,BO,18
AE,HN,22
AE,CR,2
AE,PY,36
AE,SV,51
AE,NI,53
AE,TL,7
AE,SB,2
AE,WS,44
AF,PK,15
AF,TJ,22
AF,KG,5
AF,VN,3
AF,UA,1
AF,AZ,2
AF,PH,15
AF,KE,14
AF,UG,8
AF,JO,2
AF,GE,1
AF,AM,1
AF,KH,7
AF,MX,3
AF,MZ,1
AF,ZW,1
AF,RW,2
AF,GH,9
AF,ML,1
AF,MN,2
AF,CO,2
AF,SN,1
AF,BJ,2
AF,TG,1
AF,GT,1
AF,PE,17
AF,LR,1
AF,EC,3
AF,BO,2
AF,HN,2
AF,PY,2
AF,NI,5
AF,SV,7
AL,PK,2
AL,IQ,2
AL,JO,1
AL,KE,1
AL,UG,1
AL,AZ,1
AL,PH,4
AL,ZM,1
AL,PE,3
AL,GT,1
AL,EC,4
AM,UA,1
AM,NG,1
AM,LB,2
AM,PH,4
AM,GH,1
AM,KH,1
AM,SV,1
AO,IN,2
AO,CM,1
AO,UG,1
AO,GH,1
AO,KE,5
AO,MX,1
AO,PE,2
AR,CL,7
AR,US,1
AR,PY,11
AR,PE,19
AR,NG,13
AR,MX,5
AR,BO,8
AR,CO,14
AR,ID,3
AR,EG,1
AR,EC,6
AR,PK,13
AR,GH,2
AR,TZ,3
AR,GT,3
AR,ML,1
AR,SN,2
AR,UG,7
AR,UA,1
AR,HT,2
AR,VN,3
AR,KE,23
AR,HN,1
AR,MW,1
AR,YE,1
AR,BJ,1
AR,PH,31
AR,SL,1
AR,NI,4
AR,RW,1
AR,CR,4
AR,TG,2
AR,LR,1
AR,SV,14
AR,JO,1
AR,IL,1
AR,AZ,1
AR,KH,16
AR,LB,3
AR,TJ,5
AR,BA,1
AR,AL,1
AR,GE,4
AR,AM,2
AR,TL,1
AT,IN,28
AT,UA,32
AT,TR,15
AT,EG,3
AT,BA,4
AT,US,6
AT,PK,71
AT,NG,84
AT,IQ,9
AT,AL,15
AT,CD,5
AT,ID,23
AT,AF,4
AT,YE,6
AT,JO,18
AT,TZ,22
AT,BF,5
AT,AZ,29
AT,MM,4
AT,MX,34
AT,CM,8
AT,VN,27
AT,UG,109
AT,LB,47
AT,GH,45
AT,NP,6
AT,KE,293
AT,ML,38
AT,MW,1
AT,SN,22
AT,GE,25
AT,PH,627
AT,BJ,11
AT,BI,2
AT,ZM,3
AT,MZ,14
AT,AM,43
AT,MG,16
AT,RW,22
AT,CO,123
AT,ZW,12
AT,TJ,151
AT,TG,46
AT,CG,1
AT,KG,35
AT,SL,43
AT,DO,7
AT,GT,14
AT,LR,25
AT,PE,268
AT,HT,35
AT,KH,190
AT,LA,5
AT,EC,129
AT,HN,32
AT,BO,46
AT,PA,1
AT,MN,24
AT,CR,8
AT,PY,50
AT,LS,2
AT,NI,109
AT,SV,131
AT,TL,6
AT,SB,1
AT,WS,27
AU,CN,3
AU,IN,434
AU,ID,628
AU,TH,9
AU,BR,8
AU,US,77
AU,VN,1034
AU,PH,10254
AU,PK,1651
AU,MM,100
AU,ZA,19
AU,MX,507
AU,NG,793
AU,LK,4
AU,EG,69
AU,CD,144
AU,TR,89
AU,AF,35
AU,NP,89
AU,TZ,521
AU,MG,212
AU,MZ,248
AU,IQ,104
AU,UA,86
AU,SO,4
AU,CL,31
AU,YE,162
AU,KH,3671
AU,CI,6
AU,MW,49
AU,TD,1
AU,UG,1853
AU,ZM,31
AU,KE,6925
AU,CO,1330
AU,ZW,226
AU,LA,154
AU,PE,2739
AU,CM,216
AU,GH,628
AU,BI,47
AU,SB,32
AU,BF,118
AU,GT,399
AU,TL,552
AU,EC,944
AU,IL,28
AU,RW,560
AU,ML,405
AU,BG,10
AU,DO,64
AU,AZ,301
AU,BO,876
AU,SN,339
AU,HT,174
AU,TJ,1371
AU,BJ,243
AU,JO,325
AU,HN,418
AU,CG,31
AU,KG,494
AU,PA,10
AU,PY,530
AU,LS,21
AU,CR,125
AU,MN,366
AU,LB,426
AU,BA,8
AU,TG,577
AU,MD,24
AU,NI,1167
AU,SL,576
AU,SV,2119
AU,GE,222
AU,LR,465
AU,WS,849
AU,AL,111
AU,AM,637
AU,BZ,3
AU,SR,9
AZ,TJ,1
AZ,KE,1
AZ,KG,1
AZ,BF,1
AZ,PE,1
BA,AL,1
BA,IN,2
BA,PK,1
BA,ID,1
BA,KE,1
BA,LB,1
BA,UG,1
BA,PH,3
BA,GE,7
BA,CO,1
BA,AM,14
BA,SL,1
BA,KH,1
BA,GT,1
BA,DO,1
BA,SV,3
BB,EC,1
BB,BO,1
BB,NI,1
BB,KE,1
BB,PH,2
BD,PK,5
BD,VN,1
BD,PH,2
BD,IQ,1
BD,KE,2
BD,AZ,1
BD,JO,1
BD,LB,1
BD,GE,1
BD,BJ,1
BD,PE,1
BD,EC,3
BD,LR,1
BD,HN,1
BD,SV,2
BE,IN,21
BE,TR,2
BE,EG,1
BE,UA,8
BE,US,3
BE,NG,38
BE,PK,74
BE,BR,2
BE,BA,1
BE,IQ,8
BE,CD,12
BE,ID,33
BE,MD,2
BE,AF,4
BE,IL,1
BE,BF,4
BE,AL,10
BE,YE,6
BE,MX,61
BE,ZA,4
BE,TZ,42
BE,GH,52
BE,CM,12
BE,NP,2
BE,MM,6
BE,UG,74
BE,ML,38
BE,JO,31
BE,AZ,16
BE,KE,305
BE,SN,47
BE,SO,1
BE,VN,262
BE,LB,39
BE,BJ,11
BE,PH,621
BE,CO,98
BE,MW,3
BE,MG,7
BE,MZ,12
BE,ZW,3
BE,ZM,9
BE,GE,26
BE,BI,7
BE,SL,39
BE,TG,58
BE,RW,56
BE,HT,5
BE,TJ,94
BE,AM,46
BE,DO,17
BE,GT,23
BE,LR,13
BE,CG,4
BE,KG,62
BE,PE,356
BE,LA,1
BE,CL,15
BE,EC,97
BE,HN,31
BE,KH,384
BE,BO,91
BE,CR,9
BE,MN,21
BE,SV,119
BE,NI,176
BE,PY,89
BE,TL,13
BE,SB,1
BE,WS,51
BF,ML,1
BF,TG,1
BG,EG,1
BG,UA,1
BG,IN,4
BG,NG,2
BG,PK,4
BG,MD,1
BG,JO,1
BG,YE,1
BG,LB,5
BG,ID,6
BG,UG,3
BG,AZ,5
BG,BF,1
BG,KE,25
BG,MX,2
BG,GE,4
BG,NP,1
BG,VN,7
BG,MM,2
BG,CM,8
BG,ML,6
BG,AM,11
BG,PH,50
BG,MG,1
BG,SN,5
BG,RW,2
BG,MZ,2
BG,BI,1
BG,TJ,14
BG,ZW,3
BG,TG,3
BG,CO,11
BG,KG,9
BG,SL,3
BG,DO,1
BG,LR,4
BG,PE,24
BG,KH,23
BG,GT,3
BG,EC,13
BG,HN,4
BG,MN,3
BG,BO,20
BG,PY,4
BG,NI,6
BG,PA,1
BG,SV,10
BG,TL,1
BG,SR,1
BG,WS,1
BH,PK,6
BH,YE,2
BH,ID,4
BH,AZ,1
BH,JO,2
BH,KE,17
BH,LB,1
BH,PH,10
BH,AM,1
BH,GH,1
BH,ZM,1
BH,MX,2
BH,KH,4
BH,CO,1
BH,TG,2
BH,SL,1
BH,PE,2
BH,EC,1
BH,SV,1
BH,NI,1
BJ,GH,2
BJ,PK,1
BJ,PE,1
BJ,WS,1
BN,PH,1
BN,KE,3
BN,TJ,1
BN,LB,1
BN,HT,1
BO,PE,1
BO,GT,3
BO,NI,1
BO,TZ,3
BO,KE,3
BO,PH,4
BO,MM,1
BO,MW,1
BO,TG,1
BO,RW,2
BO,KH,3
BR,IN,13
BR,US,127
BR,NG,20
BR,CL,1
BR,CO,44
BR,MX,17
BR,PY,39
BR,PE,102
BR,BO,61
BR,CD,11
BR,EG,2
BR,ID,4
BR,TR,3
BR,EC,48
BR,GH,14
BR,PK,41
BR,SN,7
BR,ZA,6
BR,DO,3
BR,TZ,8
BR,CM,3
BR,BF,5
BR,ML,28
BR,GT,9
BR,UA,5
BR,IQ,1
BR,HT,18
BR,UG,34
BR,MG,1
BR,MZ,25
BR,KE,141
BR,HN,8
BR,PA,1
BR,ZM,3
BR,VN,12
BR,BJ,10
BR,AF,1
BR,SL,29
BR,ZW,4
BR,CR,2
BR,YE,7
BR,MM,6
BR,TG,16
BR,BI,2
BR,LR,16
BR,NI,48
BR,CG,1
BR,PH,224
BR,RW,21
BR,SV,81
BR,JO,13
BR,AZ,4
BR,LS,1
BR,MD,1
BR,LB,26
BR,AL,3
BR,KH,51
BR,TJ,45
BR,GE,3
BR,KG,9
BR,LA,2
BR,AM,16
BR,MN,6
BR,TL,7
BR,SB,1
BR,WS,8
BS,MX,1
BS,HN,4
BS,EC,1
BS,NG,2
BS,CR,1
BS,PK,1
BS,NI,26
BS,PE,21
BS,SV,24
BS,GH,1
BS,TZ,2
BS,ML,3
BS,UG,3
BS,CM,2
BS,AF,1
BS,VN,14
BS,PY,1
BS,PH,70
BS,KE,20
BS,BJ,1
BS,SL,4
BS,TG,1
BS,LR,1
BS,TJ,2
BS,LB,2
BS,KH,17
BS,GE,2
BS,KG,12
BS,MN,1
BS,TL,7
BT,VN,1
BT,GE,1
BY,MX,1
BY,TJ,1
BY,PY,1
BZ,SV,1
BZ,NI,3
BZ,CO,1
BZ,EG,2
BZ,ML,1
BZ,LR,2
CA,US,163
CA,CN,11
CA,IN,572
CA,MX,1246
CA,BR,21
CA,NG,1424
CA,CO,1940
CA,EG,89
CA,TR,116
CA,HT,292
CA,PK,2417
CA,DO,387
CA,GT,734
CA,ID,604
CA,UA,350
CA,CD,283
CA,CI,12
CA,TH,16
CA,HN,1025
CA,ZA,35
CA,EC,2087
CA,IQ,227
CA,PE,6196
CA,MM,73
CA,PA,26
CA,VN,1065
CA,AF,187
CA,BF,190
CA,SN,842
CA,CL,84
CA,CR,339
CA,PH,12354
CA,SV,3593
CA,TZ,1108
CA,GH,1744
CA,ML,957
CA,NI,3382
CA,CM,290
CA,NP,120
CA,LK,6
CA,YE,290
CA,BG,15
CA,UG,3041
CA,KE,8802
CA,IL,25
CA,SO,18
CA,BO,1827
CA,MW,84
CA,MZ,493
CA,ZM,77
CA,BJ,501
CA,MG,247
CA,PG,1
CA,SL,1096
CA,BA,37
CA,JO,614
CA,AZ,762
CA,BI,111
CA,MD,42
CA,ZW,432
CA,TG,1187
CA,PY,1440
CA,RW,1046
CA,LR,692
CA,CG,64
CA,AL,151
CA,LB,980
CA,TJ,2732
CA,BZ,20
CA,KG,682
CA,NA,1
CA,LA,91
CA,KH,5106
CA,GE,434
CA,SR,21
CA,AM,845
CA,MN,734
CA,VC,1
CA,LS,42
CA,TL,177
CA,SB,40
CA,VU,1
CA,WS,960
CG,BO,1
CH,CN,1
CH,IN,87
CH,TR,13
CH,EG,23
CH,UA,68
CH,US,8
CH,BG,1
CH,NG,172
CH,BA,4
CH,BR,1
CH,PK,445
CH,IQ,24
CH,CD,67
CH,AL,38
CH,AF,4
CH,ZA,6
CH,MD,8
CH,ID,90
CH,IL,6
CH,BF,53
CH,YE,41
CH,TZ,92
CH,MX,170
CH,GH,207
CH,CM,58
CH,ML,110
CH,MM,12
CH,JO,134
CH,UG,451
CH,AZ,62
CH,NP,13
CH,SN,100
CH,KE,1172
CH,VN,199
CH,SO,2
CH,LK,1
CH,LB,200
CH,ZM,6
CH,BJ,87
CH,PH,2320
CH,CO,308
CH,MW,26
CH,BI,12
CH,MG,38
CH,MZ,82
CH,GE,79
CH,ZW,28
CH,RW,165
CH,TG,197
CH,SL,148
CH,AM,155
CH,TJ,362
CH,CG,8
CH,DO,31
CH,KG,111
CH,HT,40
CH,LR,86
CH,CL,10
CH,PE,796
CH,GT,92
CH,EC,289
CH,PA,1
CH,KH,657
CH,LA,19
CH,HN,130
CH,BO,240
CH,CR,26
CH,LS,1
CH,MN,110
CH,PY,183
CH,NI,450
CH,SV,564
CH,SR,1
CH,BZ,1
CH,TL,46
CH,SB,1
CH,WS,143
CL,IN,2
CL,PE,92
CL,MX,7
CL,CO,6
CL,NG,5
CL,PY,30
CL,BO,62
CL,ID,7
CL,EC,12
CL,PK,10
CL,GT,5
CL,CI,1
CL,TZ,6
CL,CM,1
CL,BF,1
CL,ML,2
CL,UG,7
CL,DO,9
CL,VN,7
CL,GH,30
CL,KE,22
CL,HN,8
CL,MG,1
CL,SN,5
CL,IQ,1
CL,UA,5
CL,ZM,1
CL,YE,1
CL,CR,3
CL,PH,66
CL,SV,11
CL,NI,29
CL,BJ,4
CL,RW,2
CL,SL,8
CL,LR,1
CL,TG,4
CL,JO,2
CL,IL,5
CL,AZ,8
CL,KH,29
CL,LB,5
CL,TJ,19
CL,KG,4
CL,GE,3
CL,AM,1
CL,MN,5
CL,TL,1
CL,WS,1
CM,BJ,1
CM,KE,2
CM,PK,1
CM,PH,2
CM,TJ,1
CM,SV,1
CM,MN,1
CN,IN,2
CN,PK,33
CN,TH,1
CN,ID,14
CN,MM,1
CN,PH,159
CN,VN,23
CN,NP,1
CN,EG,2
CN,MN,19
CN,US,50
CN,NG,4
CN,TR,12
CN,IQ,3
CN,BR,1
CN,KH,64
CN,ZA,3
CN,MX,11
CN,TZ,10
CN,YE,3
CN,CD,19
CN,KG,8
CN,KE,63
CN,UG,22
CN,TJ,43
CN,AZ,6
CN,MG,5
CN,MZ,4
CN,MW,1
CN,CM,8
CN,JO,8
CN,GH,13
CN,BF,3
CN,CO,28
CN,ZM,4
CN,ZW,8
CN,BI,2
CN,ML,7
CN,RW,13
CN,GE,9
CN,LB,21
CN,BJ,3
CN,SN,10
CN,GT,7
CN,AM,6
CN,PE,93
CN,AL,1
CN,HT,5
CN,CL,2
CN,TG,7
CN,EC,23
CN,HN,7
CN,TL,5
CN,SL,10
CN,CR,1
CN,BO,19
CN,LR,9
CN,NI,22
CN,SV,34
CN,PY,19
CN,WS,7
CO,EC,12
CO,MX,29
CO,PE,12
CO,DO,5
CO,IN,28
CO,GT,7
CO,HN,5
CO,NG,4
CO,NI,6
CO,BO,2
CO,SV,25
CO,PK,6
CO,ID,8
CO,PY,4
CO,SN,2
CO,GH,6
CO,ML,2
CO,CM,1
CO,IQ,1
CO,UG,4
CO,PH,20
CO,KE,28
CO,YE,3
CO,SL,3
CO,TG,1
CO,RW,2
CO,LR,5
CO,AZ,3
CO,KH,2
CO,LB,2
CO,TJ,9
CO,GE,2
CO,MN,1
CO,LA,10
CO,WS,1
CR,NI,21
CR,MX,6
CR,CO,14
CR,GT,3
CR,HN,9
CR,EC,9
CR,SV,39
CR,PE,5
CR,NG,9
CR,PK,3
CR,BO,5
CR,ID,4
CR,UA,1
CR,VN,1
CR,PY,1
CR,SN,3
CR,ML,2
CR,TH,1
CR,PH,76
CR,MZ,1
CR,UG,10
CR,YE,2
CR,SL,1
CR,KE,71
CR,MG,1
CR,MW,1
CR,RW,1
CR,TG,4
CR,LR,5
CR,JO,3
CR,LB,3
CR,KH,12
CR,TJ,12
CR,AL,1
CR,KG,3
CR,AM,6
CU,MX,3
CU,CO,4
CU,HN,1
CU,NI,1
CU,SV,9
CU,NG,1
CU,PE,1
CU,EG,1
CU,PH,4
CU,MM,1
CU,MG,1
CU,TJ,1
CU,KG,7
CU,WS,1
CV,PH,1
CY,IN,1
CY,LB,1
CY,JO,5
CY,PK,1
CY,AZ,1
CY,KE,3
CY,TZ,2
CY,AM,2
CY,PH,8
CY,MX,2
CY,RW,1
CY,TJ,4
CY,KG,2
CY,KH,1
CY,CO,7
CY,SL,1
CY,PE,3
CY,EC,2
CY,BO,1
CY,NI,3
CY,SV,4
CY,WS,2
CZ,IN,17
CZ,UA,9
CZ,TR,1
CZ,US,1
CZ,NG,15
CZ,IQ,1
CZ,PK,41
CZ,AL,3
CZ,CD,4
CZ,ID,10
CZ,AF,2
CZ,ZA,1
CZ,IL,2
CZ,TZ,3
CZ,YE,3
CZ,MX,11
CZ,BF,2
CZ,TD,1
CZ,AZ,9
CZ,MM,2
CZ,JO,21
CZ,CM,3
CZ,GH,10
CZ,VN,19
CZ,UG,53
CZ,LB,12
CZ,KE,139
CZ,ML,13
CZ,SN,7
CZ,GE,5
CZ,PH,248
CZ,MW,1
CZ,BJ,6
CZ,ZM,1
CZ,CO,20
CZ,BI,1
CZ,MZ,5
CZ,MG,4
CZ,AM,30
CZ,TJ,39
CZ,ZW,4
CZ,RW,17
CZ,TG,9
CZ,KG,9
CZ,SL,14
CZ,CG,1
CZ,HT,2
CZ,GT,8
CZ,PE,83
CZ,DO,9
CZ,LR,11
CZ,CL,3
CZ,KH,58
CZ,LA,2
CZ,EC,29
CZ,HN,25
CZ,BO,22
CZ,CR,1
CZ,MN,10
CZ,NI,32
CZ,PY,21
CZ,SV,57
CZ,SR,1
CZ,TL,1
CZ,SB,1
CZ,WS,14
DE,CN,1
DE,UA,76
DE,IN,292
DE,TR,33
DE,EG,57
DE,BG,1
DE,US,66
DE,NG,438
DE,BA,9
DE,PK,1109
DE,BR,4
DE,IQ,68
DE,MD,9
DE,CD,111
DE,ID,228
DE,AL,67
DE,AF,46
DE,IL,12
DE,TH,10
DE,YE,102
DE,MX,316
DE,ZA,15
DE,MM,42
DE,AZ,168
DE,TZ,304
DE,JO,245
DE,BF,86
DE,NP,36
DE,VN,491
DE,CM,144
DE,GH,502
DE,LK,2
DE,UG,1246
DE,SO,4
DE,ML,290
DE,KE,3810
DE,LB,436
DE,PH,5437
DE,GE,171
DE,SN,631
DE,MW,35
DE,BJ,153
DE,CO,980
DE,ZM,35
DE,MZ,176
DE,MG,145
DE,BI,36
DE,AM,399
DE,TJ,920
DE,RW,385
DE,ZW,135
DE,KG,332
DE,TG,398
DE,SL,401
DE,DO,65
DE,CG,18
DE,CL,18
DE,HT,124
DE,PE,1729
DE,GT,329
DE,LR,295
DE,LA,35
DE,KH,1761
DE,EC,900
DE,HN,409
DE,PA,7
DE,MN,161
DE,BO,600
DE,CR,92
DE,NI,872
DE,PY,385
DE,SV,1348
DE,LS,16
DE,SR,5
DE,TL,65
DE,BZ,5
DE,SB,17
DE,VC,2
DE,WS,380
DK,CN,1
DK,IN,50
DK,UA,17
DK,TR,6
DK,EG,5
DK,US,11
DK,PK,116
DK,BG,1
DK,NG,94
DK,IQ,4
DK,BR,1
DK,MD,2
DK,BA,3
DK,CD,8
DK,ID,39
DK,ZA,3
DK,AF,16
DK,CI,1
DK,TH,4
DK,YE,10
DK,AL,16
DK,MM,4
DK,MX,103
DK,BF,13
DK,JO,32
DK,VN,90
DK,AZ,49
DK,TZ,113
DK,UG,200
DK,CM,32
DK,GH,114
DK,KE,554
DK,ML,54
DK,NP,67
DK,LB,70
DK,LK,2
DK,PH,960
DK,SN,52
DK,GE,26
DK,MW,4
DK,CO,208
DK,ZM,5
DK,BJ,34
DK,AM,36
DK,BI,5
DK,MG,28
DK,MZ,40
DK,TJ,173
DK,ZW,14
DK,RW,59
DK,KG,58
DK,HT,9
DK,TG,99
DK,SL,69
DK,CL,2
DK,CG,3
DK,DO,28
DK,GT,73
DK,PE,473
DK,LR,51
DK,EC,143
DK,LA,9
DK,KH,387
DK,HN,82
DK,MN,46
DK,BO,129
DK,NA,1
DK,SV,194
DK,CR,47
DK,LS,1
DK,NI,271
DK,PY,129
DK,TL,18
DK,BZ,2
DK,SB,3
DK,WS,73
DM,BR,3
DM,DO,1
DM,HT,7
DM,IN,35
DM,EC,3
DM,PK,3
DM,TR,1
DM,HN,4
DM,NI,3
DM,EG,11
DM,SN,2
DM,CR,4
DM,ID,6
DM,SV,8
DM,BF,1
DM,TZ,2
DM,KE,4
DM,UG,3
DM,MZ,1
DM,CM,15
DM,SL,10
DM,MW,1
DM,ZM,2
DM,MG,3
DM,LR,3
DM,TG,5
DM,RW,2
DM,AZ,1
DM,JO,4
DM,TJ,1
DM,KH,3
DM,MD,1
DM,GE,1
DM,KG,3
DM,AM,4
DM,MN,3
DM,TL,12
DM,WS,1
DO,HT,1
DO,MX,8
DO,EC,1
DO,PE,7
DO,NI,2
DO,CR,1
DO,PH,2
DO,KE,3
DO,YE,1
DO,KH,1
DO,KG,3
DZ,ML,1
DZ,KE,1
DZ,TZ,1
DZ,PH,1
DZ,RW,1
DZ,EC,2
DZ,CL,1
DZ,PY,1
EC,PE,11
EC,MX,25
EC,GT,3
EC,NG,1
EC,BO,3
EC,NI,18
EC,SV,11
EC,PK,1
EC,TR,1
EC,PY,11
EC,GH,2
EC,ML,1
EC,VN,1
EC,TZ,4
EC,SN,6
EC,UG,4
EC,KE,9
EC,PH,33
EC,MG,1
EC,ZW,1
EC,SL,4
EC,TG,2
EC,BI,1
EC,AZ,1
EC,KH,3
EC,TJ,3
EC,LB,4
EC,KG,2
EC,AM,1
EC,TL,2
EE,IN,2
EE,UA,3
EE,TR,1
EE,PK,5
EE,IQ,2
EE,ID,1
EE,CD,1
EE,AZ,1
EE,TZ,1
EE,JO,1
EE,IL,1
EE,NP,1
EE,MX,12
EE,UG,4
EE,KE,8
EE,PH,29
EE,LB,1
EE,VN,32
EE,GH,2
EE,CM,2
EE,BF,2
EE,CO,1
EE,AM,1
EE,ML,2
EE,SN,1
EE,TJ,6
EE,KG,2
EE,GE,14
EE,MZ,3
EE,RW,2
EE,BJ,3
EE,PE,7
EE,TG,4
EE,DO,1
EE,GT,2
EE,SL,4
EE,KH,44
EE,LR,1
EE,CG,1
EE,EC,6
EE,BO,1
EE,HN,4
EE,SV,3
EE,NI,3
EE,CR,1
EE,PY,2
EE,WS,1
EG,TR,2
EG,JO,5
EG,LB,13
EG,UA,2
EG,PK,16
EG,NG,21
EG,YE,1
EG,UG,1
EG,TZ,1
EG,AF,1
EG,KE,8
EG,ID,6
EG,AZ,3
EG,GH,1
EG,VN,1
EG,BF,1
EG,AM,1
EG,RW,1
EG,PH,5
EG,ML,2
EG,BJ,1
EG,MX,10
EG,TJ,5
EG,SN,2
EG,TG,1
EG,SL,1
EG,KH,12
EG,PE,8
EG,LA,1
EG,EC,2
EG,MN,1
EG,BO,2
EG,HN,1
EG,PY,1
EG,SV,2
EG,WS,2
ER,KE,5
ER,UG,3
ER,RW,1
ER,CM,1
ER,GH,2
ER,MZ,3
ER,ML,2
ER,TG,2
ES,IN,20
ES,EG,4
ES,NG,38
ES,TR,7
ES,US,13
ES,BR,1
ES,UA,15
ES,PK,131
ES,CI,1
ES,CD,28
ES,IQ,17
ES,BF,18
ES,ID,51
ES,ML,75
ES,BA,4
ES,GH,124
ES,SN,50
ES,IL,1
ES,ZA,4
ES,MX,80
ES,CM,25
ES,YE,15
ES,TZ,61
ES,AF,12
ES,TH,3
ES,AL,9
ES,UG,212
ES,MD,2
ES,KE,584
ES,JO,27
ES,MM,10
ES,BJ,42
ES,VN,62
ES,CO,128
ES,NP,10
ES,MW,5
ES,MG,7
ES,AZ,38
ES,ZM,7
ES,SL,95
ES,LK,2
ES,MZ,27
ES,TG,94
ES,LB,69
ES,PH,992
ES,BI,10
ES,ZW,13
ES,RW,73
ES,HT,12
ES,DO,18
ES,CG,5
ES,LR,84
ES,GE,31
ES,PE,392
ES,CL,6
ES,GT,62
ES,TJ,155
ES,AM,41
ES,EC,120
ES,KG,49
ES,HN,54
ES,LA,2
ES,BO,133
ES,KH,265
ES,CR,18
ES,PY,165
ES,SV,237
ES,NI,261
ES,LS,3
ES,MN,38
ES,SR,2
ES,BZ,1
ES,TL,12
ES,WS,43
ET,UG,1
ET,KE,6
ET,CM,1
ET,US,2
ET,LB,1
ET,TG,1
ET,TJ,2
ET,SL,1
ET,AL,1
FI,IN,48
FI,UA,24
FI,TR,9
FI,EG,5
FI,US,8
FI,PK,164
FI,NG,55
FI,IQ,22
FI,BR,2
FI,AF,5
FI,ID,39
FI,MD,4
FI,TH,1
FI,CD,22
FI,IL,1
FI,MM,3
FI,MX,38
FI,AZ,44
FI,NP,7
FI,CI,1
FI,VN,78
FI,YE,25
FI,ZA,4
FI,TZ,52
FI,JO,60
FI,AL,15
FI,PH,800
FI,UG,202
FI,BF,19
FI,CM,27
FI,KE,633
FI,GH,87
FI,SO,2
FI,GE,33
FI,LB,75
FI,ML,49
FI,MW,3
FI,TJ,165
FI,SN,37
FI,AM,79
FI,CO,152
FI,KG,60
FI,ZM,4
FI,MG,19
FI,MZ,38
FI,BJ,28
FI,BI,10
FI,RW,79
FI,ZW,36
FI,DO,18
FI,TG,71
FI,GT,38
FI,HT,22
FI,CL,3
FI,PE,285
FI,LA,8
FI,KH,286
FI,SL,76
FI,CG,6
FI,EC,99
FI,MN,42
FI,LR,52
FI,HN,47
FI,PA,1
FI,BO,93
FI,NA,1
FI,CR,15
FI,NI,136
FI,SV,244
FI,PY,61
FI,LS,3
FI,SR,4
FI,TL,30
FI,SB,8
FI,WS,55
FJ,VN,1
FJ,PH,10
FJ,KH,1
FJ,PE,4
FJ,UA,1
FJ,TJ,1
FJ,NI,1
FJ,PY,1
FJ,SL,1
FR,CN,1
FR,IN,141
FR,TR,21
FR,US,24
FR,UA,109
FR,EG,69
FR,NG,189
FR,BR,6
FR,PK,300
FR,BG,7
FR,IQ,33
FR,BA,15
FR,CD,96
FR,IL,1
FR,ID,169
FR,TD,2
FR,CI,15
FR,ZA,40
FR,MX,220
FR,AF,48
FR,AL,62
FR,MD,19
FR,YE,45
FR,BF,161
FR,TZ,205
FR,MM,14
FR,GH,397
FR,ML,364
FR,CM,167
FR,JO,98
FR,UG,532
FR,VN,259
FR,KE,1570
FR,SN,324
FR,NP,34
FR,AZ,161
FR,CO,257
FR,PH,1830
FR,LB,223
FR,SO,14
FR,BJ,209
FR,MZ,137
FR,BI,27
FR,GE,65
FR,ZM,56
FR,MW,108
FR,MG,129
FR,SL,174
FR,ZW,52
FR,RW,238
FR,TG,437
FR,TJ,417
FR,AM,140
FR,HT,69
FR,GT,87
FR,KG,95
FR,DO,111
FR,PE,942
FR,CL,15
FR,LR,217
FR,EC,252
FR,CG,66
FR,HN,116
FR,KH,893
FR,LA,33
FR,BO,277
FR,PA,8
FR,CR,49
FR,PY,177
FR,SV,452
FR,NI,510
FR,MN,125
FR,LS,15
FR,SR,8
FR,BZ,2
FR,TL,40
FR,SB,2
FR,WS,171
GB,CN,1
GB,IN,449
GB,US,41
GB,TR,63
GB,EG,50
GB,UA,258
GB,NG,564
GB,BR,10
GB,PK,1374
GB,BG,5
GB,IQ,119
GB,BA,12
GB,CD,153
GB,CI,5
GB,ID,356
GB,MX,381
GB,AF,60
GB,TH,10
GB,IL,11
GB,MD,29
GB,BF,130
GB,ZA,25
GB,AL,121
GB,YE,179
GB,GH,732
GB,TZ,637
GB,CM,190
GB,ML,447
GB,VN,593
GB,SO,2
GB,NP,48
GB,SN,422
GB,MM,149
GB,UG,1754
GB,LK,2
GB,JO,334
GB,KE,5269
GB,AZ,322
GB,CO,1059
GB,PH,7603
GB,BJ,208
GB,LB,585
GB,MW,61
GB,ZM,56
GB,MZ,273
GB,MG,169
GB,BI,59
GB,GE,240
GB,ZW,140
GB,TG,552
GB,SL,643
GB,HT,110
GB,RW,568
GB,DO,144
GB,TJ,1440
GB,GT,335
GB,PE,2349
GB,CL,38
GB,CG,36
GB,KG,389
GB,AM,829
GB,LR,453
GB,EC,937
GB,PA,6
GB,HN,420
GB,KH,2657
GB,LA,78
GB,NA,2
GB,BO,895
GB,CR,117
GB,NI,1038
GB,MN,292
GB,SV,1710
GB,PY,546
GB,LS,17
GB,SR,9
GB,BZ,3
GB,TL,123
GB,SB,14
GB,WS,584
GD,PE,1
GD,EC,1
GD,GT,1
GD,NI,1
GD,ML,1
GD,UG,1
GD,KE,3
GD,PH,2
GD,SL,1
GD,RW,1
GD,KH,1
GE,RW,1
GH,NG,5
GH,CD,1
GH,ML,1
GH,KE,4
GH,PE,1
GH,PH,8
GH,BO,2
GH,PY,1
GH,SV,1
GM,UG,1
GN,SL,1
GN,KE,1
GN,NI,2
GN,GE,1
GR,IN,1
GR,NG,3
GR,PK,7
GR,JO,1
GR,US,1
GR,LB,1
GR,ID,2
GR,AZ,1
GR,TZ,3
GR,UG,10
GR,CM,1
GR,VN,1
GR,KE,30
GR,GH,12
GR,GE,3
GR,MX,2
GR,ML,2
GR,SN,1
GR,MZ,1
GR,BJ,2
GR,MG,1
GR,MW,1
GR,RW,2
GR,PH,45
GR,AM,17
GR,TJ,8
GR,CO,4
GR,TG,3
GR,PE,7
GR,KH,10
GR,LR,5
GR,DO,1
GR,EC,2
GR,BO,2
GR,HN,3
GR,MN,7
GR,PY,6
GR,SV,5
GR,NI,8
GT,SV,2
GT,HN,1
GT,MX,21
GT,NI,6
GT,IN,10
GT,PE,5
GT,PK,15
GT,ID,9
GT,PH,17
GT,IQ,1
GT,PY,1
GT,TZ,4
GT,CM,1
GT,VN,24
GT,UG,3
GT,KE,7
GT,YE,1
GT,TG,1
GT,AZ,1
GT,LR,1
GT,JO,4
GT,TJ,3
GT,LB,2
GT,KH,35
GT,GE,1
GT,LA,2
GT,AM,1
GT,TL,1
GT,WS,2
HN,SV,2
HN,NI,5
HN,EC,1
HN,IN,14
HN,PE,1
HN,DO,1
HN,BO,1
HN,PH,5
HN,SL,1
HN,MG,1
HR,IN,3
HR,NG,2
HR,PK,8
HR,CD,1
HR,ID,3
HR,JO,1
HR,YE,1
HR,TZ,1
HR,AZ,1
HR,GH,2
HR,CM,1
HR,UG,6
HR,LB,4
HR,ML,1
HR,VN,2
HR,MX,4
HR,ZA,1
HR,KE,21
HR,MM,1
HR,PH,34
HR,AM,2
HR,BJ,3
HR,RW,1
HR,MG,1
HR,CO,4
HR,MZ,2
HR,ZM,1
HR,MW,2
HR,BI,1
HR,TJ,5
HR,TG,2
HR,KG,2
HR,SL,4
HR,PE,9
HR,GT,1
HR,KH,7
HR,EC,4
HR,BO,1
HR,HN,1
HR,MN,2
HR,NI,4
HR,PY,3
HR,SV,9
HR,WS,4
HT,IN,1
HT,TG,1
HU,UA,4
HU,TR,1
HU,IN,3
HU,EG,1
HU,MD,1
HU,PK,19
HU,NG,14
HU,AL,6
HU,IQ,3
HU,ID,3
HU,YE,1
HU,JO,4
HU,AZ,5
HU,TZ,6
HU,CI,1
HU,ZA,1
HU,LB,16
HU,MX,7
HU,UG,22
HU,VN,9
HU,GH,10
HU,KE,76
HU,ML,6
HU,GE,6
HU,PH,59
HU,SN,4
HU,AM,7
HU,BJ,2
HU,MZ,2
HU,MG,2
HU,CO,12
HU,ZW,1
HU,RW,5
HU,TJ,31
HU,KG,8
HU,SL,4
HU,TG,12
HU,CG,1
HU,HT,1
HU,GT,3
HU,LR,4
HU,DO,3
HU,PE,54
HU,KH,23
HU,LA,1
HU,EC,15
HU,HN,4
HU,MN,5
HU,BO,12
HU,NI,20
HU,SV,29
HU,CR,8
HU,PY,19
HU,WS,7
ID,VN,20
ID,TH,9
ID,PH,132
ID,PK,14
ID,KH,59
ID,NG,5
ID,NP,9
ID,LA,1
ID,AF,2
ID,TZ,8
ID,TR,7
ID,IQ,3
ID,MZ,1
ID,UG,6
ID,MG,5
ID,YE,3
ID,KE,33
ID,UA,3
ID,MX,15
ID,US,4943
ID,ZM,1
ID,TL,4
ID,ZW,3
ID,CM,4
ID,RW,2
ID,BI,1
ID,GH,7
ID,TJ,26
ID,AZ,6
ID,KG,11
ID,IL,6
ID,ML,6
ID,BJ,4
ID,LB,4
ID,MN,7
ID,SN,6
ID,GE,1
ID,CG,1
ID,PE,36
ID,TG,6
ID,AM,3
ID,SL,4
ID,HT,1
ID,DO,1
ID,EC,8
ID,LS,1
ID,BO,7
ID,PY,3
ID,HN,8
ID,LR,10
ID,SV,24
ID,NI,22
ID,WS,2
ID,BZ,1
IE,IN,59
IE,US,5
IE,TR,3
IE,UA,3
IE,EG,2
IE,NG,37
IE,PK,62
IE,IQ,3
IE,BG,1
IE,CD,11
IE,ID,27
IE,MX,48
IE,BA,1
IE,AF,4
IE,TH,1
IE,BF,7
IE,IL,1
IE,GH,32
IE,ML,20
IE,YE,9
IE,TZ,26
IE,MM,3
IE,CM,7
IE,MD,2
IE,SN,20
IE,VN,41
IE,NP,3
IE,UG,85
IE,AL,9
IE,KE,240
IE,CO,85
IE,JO,25
IE,AZ,19
IE,BJ,8
IE,PH,691
IE,MG,7
IE,MW,6
IE,BI,2
IE,LB,46
IE,MZ,20
IE,DO,6
IE,TG,15
IE,ZM,9
IE,SL,26
IE,HT,12
IE,RW,20
IE,CL,1
IE,GE,14
IE,PE,105
IE,GT,25
IE,ZW,20
IE,TJ,78
IE,KG,12
IE,EC,45
IE,CG,3
IE,LR,23
IE,AM,42
IE,LA,1
IE,HN,33
IE,KH,117
IE,BO,59
IE,CR,9
IE,NI,67
IE,SV,165
IE,PY,37
IE,MN,20
IE,SR,1
IE,TL,13
IE,SB,1
IE,WS,16
IL,JO,20
IL,LB,27
IL,TR,2
IL,IN,10
IL,IQ,6
IL,UA,1
IL,PK,20
IL,NG,13
IL,YE,3
IL,AF,2
IL,AZ,6
IL,CD,9
IL,TZ,13
IL,UG,33
IL,KE,101
IL,ZA,1
IL,GE,16
IL,US,261
IL,NP,1
IL,AM,10
IL,CM,3
IL,MM,2
IL,AL,1
IL,VN,20
IL,BF,2
IL,CI,2
IL,GH,29
IL,MW,2
IL,MG,3
IL,BI,2
IL,PH,202
IL,MX,17
IL,MZ,7
IL,RW,25
IL,TJ,32
IL,ML,18
IL,BJ,10
IL,SN,12
IL,KG,9
IL,TG,13
IL,CG,2
IL,CO,21
IL,SL,18
IL,KH,78
IL,LR,6
IL,HT,2
IL,PE,106
IL,DO,4
IL,GT,10
IL,EC,22
IL,MN,6
IL,HN,9
IL,BO,24
IL,PY,11
IL,CR,4
IL,SV,33
IL,NI,40
IL,WS,30
IN,PK,39
IN,NP,2
IN,AF,1
IN,MM,1
IN,ID,5
IN,VN,8
IN,EG,4
IN,IQ,3
IN,TR,12
IN,TJ,27
IN,NG,15
IN,PH,194
IN,KG,8
IN,UA,4
IN,YE,4
IN,TZ,7
IN,CD,6
IN,AZ,4
IN,LA,1
IN,KE,111
IN,UG,31
IN,KH,52
IN,MG,2
IN,US,5091
IN,JO,8
IN,MZ,4
IN,MX,16
IN,CM,3
IN,MW,4
IN,GE,2
IN,BI,1
IN,ZW,3
IN,LB,12
IN,BF,3
IN,GH,32
IN,RW,16
IN,MN,7
IN,AM,18
IN,ML,26
IN,BJ,7
IN,SN,11
IN,CG,1
IN,TG,18
IN,PE,44
IN,SL,18
IN,EC,23
IN,LR,10
IN,BO,9
IN,CR,2
IN,PY,16
IN,PA,2
IN,NI,20
IN,SV,57
IN,WS,10
IQ,EG,1
IQ,AZ,1
IQ,YE,1
IQ,AM,1
IQ,TZ,2
IQ,UG,2
IQ,HN,1
IR,IN,2
IR,PK,7
IR,YE,1
IR,ID,1
IR,AM,2
IR,US,1
IR,NG,36
IR,TZ,1
IR,VN,1
IR,TJ,7
IR,UG,3
IR,KE,46
IR,PH,116
IR,MX,1
IR,GH,3
IR,MZ,1
IR,MG,6
IR,ML,2
IR,ZW,2
IR,KH,21
IR,CO,14
IR,TG,5
IR,SL,2
IR,PE,6
IR,LR,1
IR,EC,1
IR,BO,2
IR,HN,2
IR,PY,1
IR,NI,7
IR,SV,11
IS,CN,1
IS,IN,8
IS,US,2
IS,EG,2
IS,NG,11
IS,UA,9
IS,TR,15
IS,BR,2
IS,PK,27
IS,MX,12
IS,ID,6
IS,IQ,2
IS,CD,2
IS,AF,2
IS,ZA,1
IS,TH,2
IS,MM,1
IS,VN,9
IS,CO,10
IS,ML,2
IS,BF,2
IS,YE,2
IS,TZ,9
IS,GH,7
IS,PH,98
IS,NP,4
IS,SN,9
IS,UG,27
IS,CM,7
IS,KE,82
IS,MD,1
IS,DO,1
IS,AZ,9
IS,JO,10
IS,GT,6
IS,HT,5
IS,MZ,3
IS,AL,2
IS,BJ,6
IS,PE,42
IS,LB,5
IS,ZM,2
IS,SL,4
IS,ZW,2
IS,EC,14
IS,RW,4
IS,MG,14
IS,GE,3
IS,TG,6
IS,KG,5
IS,TJ,35
IS,HN,14
IS,BI,8
IS,AM,8
IS,CG,1
IS,LR,7
IS,PA,1
IS,KH,41
IS,BO,15
IS,CR,3
IS,SV,17
IS,NI,18
IS,LA,13
IS,PY,9
IS,MN,12
IS,LS,2
IS,TL,5
IS,SB,3
IS,WS,13
IT,IN,32
IT,TR,9
IT,EG,8
IT,UA,13
IT,BG,1
IT,AL,9
IT,NG,66
IT,US,18
IT,IQ,9
IT,PK,135
IT,CD,18
IT,IL,1
IT,MD,2
IT,CI,1
IT,ID,28
IT,ZA,11
IT,AF,8
IT,YE,17
IT,BF,18
IT,JO,49
IT,CM,19
IT,TZ,60
IT,GH,98
IT,UG,236
IT,LB,49
IT,AZ,25
IT,MX,66
IT,ML,84
IT,KE,679
IT,NP,4
IT,MM,10
IT,VN,51
IT,SN,75
IT,BJ,27
IT,ZM,2
IT,MW,6
IT,GE,17
IT,PH,933
IT,BI,9
IT,MG,18
IT,MZ,31
IT,CO,95
IT,RW,61
IT,TG,86
IT,ZW,24
IT,AM,66
IT,CG,2
IT,SL,88
IT,TJ,158
IT,KG,40
IT,DO,12
IT,LR,70
IT,HT,15
IT,PE,321
IT,CL,7
IT,GT,33
IT,EC,88
IT,LA,7
IT,KH,304
IT,HN,44
IT,BO,98
IT,PA,2
IT,CR,10
IT,MN,34
IT,PY,104
IT,NI,134
IT,SV,169
IT,TL,10
IT,BZ,2
IT,SB,1
IT,WS,50
JM,NI,1
JM,GH,1
JM,PH,2
JM,KE,4
JM,LR,1
JO,LB,1
JO,PK,1
JO,AZ,1
JO,ID,1
JO,KE,4
JO,GE,1
JO,AM,1
JO,RW,1
JO,PH,9
JO,BA,1
JO,ML,1
JO,TJ,6
JO,MX,12
JO,SN,1
JO,KH,2
JO,PE,4
JO,PY,1
JO,SV,1
JO,NI,1
JP,CN,1
JP,IN,51
JP,ID,94
JP,PH,1253
JP,VN,159
JP,PK,216
JP,US,7
JP,MM,10
JP,EG,7
JP,NP,9
JP,BR,1
JP,TR,13
JP,AF,9
JP,MX,65
JP,LK,1
JP,NG,99
JP,UA,26
JP,IQ,18
JP,LA,4
JP,KH,555
JP,CD,36
JP,TZ,73
JP,ZA,18
JP,MN,53
JP,YE,46
JP,SO,1
JP,KE,484
JP,CI,1
JP,UG,233
JP,MG,20
JP,CO,142
JP,IL,3
JP,KG,104
JP,MW,8
JP,MZ,47
JP,CM,18
JP,AZ,72
JP,ZM,6
JP,TJ,525
JP,GH,97
JP,BF,20
JP,ZW,25
JP,GT,65
JP,CL,3
JP,JO,113
JP,PE,321
JP,ML,66
JP,BI,16
JP,MD,4
JP,RW,107
JP,SN,72
JP,HT,24
JP,DO,30
JP,LB,92
JP,BJ,30
JP,EC,153
JP,GE,80
JP,TL,40
JP,HN,97
JP,CG,5
JP,TG,91
JP,AL,33
JP,BO,120
JP,AM,268
JP,CR,28
JP,SL,100
JP,SV,294
JP,NI,280
JP,LS,1
JP,LR,56
JP,PY,109
JP,BZ,1
JP,WS,67
KE,UG,8
KE,RW,5
KE,NG,14
KE,YE,4
KE,PK,5
KE,ZW,1
KE,MG,2
KE,MZ,7
KE,UA,8
KE,VN,14
KE,BJ,2
KE,PH,26
KE,ML,4
KE,TG,1
KE,LB,5
KE,SN,7
KE,US,60113
KE,MX,102
KE,TJ,5
KE,GE,1
KE,SL,5
KE,KH,12
KE,PE,5
KE,LR,2
KE,AM,1
KE,PY,2
KE,HN,4
KE,MN,4
KE,NI,5
KE,SV,7
KE,PA,11
KG,PK,2
KG,TJ,4
KG,PH,1
KG,VN,4
KG,UG,1
KG,KH,3
KG,LB,1
KG,AM,1
KG,SN,1
KG,PE,2
KG,GT,2
KG,HN,1
KG,WS,1
KH,PH,30
KH,PK,3
KH,LK,4
KH,NG,1
KH,TR,9
KH,UG,3
KH,TJ,2
KH,MX,50
KH,SN,1
KH,BJ,1
KH,PE,3
KH,SV,3
KH,WS,1
KM,KE,1
KN,KE,1
KN,LR,1
KN,JO,1
KR,IN,3
KR,ID,8
KR,PH,124
KR,PK,21
KR,VN,23
KR,MM,5
KR,US,4
KR,NP,1
KR,EG,4
KR,NG,10
KR,MX,4
KR,UA,4
KR,LA,1
KR,KH,45
KR,MN,7
KR,TZ,2
KR,CD,3
KR,ZA,1
KR,YE,2
KR,KG,3
KR,KE,53
KR,UG,20
KR,TJ,24
KR,MZ,2
KR,MG,5
KR,AZ,6
KR,CO,8
KR,GH,9
KR,CM,8
KR,BF,4
KR,RW,2
KR,ZW,4
KR,JO,14
KR,ML,4
KR,GT,5
KR,SN,4
KR,LB,6
KR,PE,21
KR,GE,3
KR,BJ,3
KR,CL,1
KR,TL,1
KR,EC,9
KR,HT,4
KR,HN,3
KR,AM,14
KR,TG,7
KR,SL,3
KR,AL,6
KR,BO,6
KR,NI,10
KR,SV,20
KR,LR,6
KR,PY,4
KR,WS,7
KW,IN,3
KW,IQ,2
KW,EG,4
KW,PK,27
KW,AF,1
KW,YE,21
KW,AZ,9
KW,JO,17
KW,NG,28
KW,ID,8
KW,CD,2
KW,GE,1
KW,VN,1
KW,LB,18
KW,TZ,16
KW,KE,41
KW,UG,21
KW,AM,4
KW,TJ,48
KW,CM,2
KW,PH,59
KW,MZ,1
KW,MW,2
KW,GH,9
KW,KG,5
KW,RW,7
KW,ZW,1
KW,MX,5
KW,BF,5
KW,ML,11
KW,BJ,3
KW,SN,5
KW,KH,18
KW,CO,9
KW,TG,4
KW,SL,10
KW,PE,12
KW,MN,2
KW,LR,4
KW,EC,2
KW,HT,4
KW,BO,2
KW,LS,1
KW,HN,3
KW,PY,8
KW,CR,1
KW,NI,10
KW,SV,18
KW,TL,1
KW,SB,1
KZ,IN,1
KZ,PH,26
KZ,KE,8
KZ,KH,1
KZ,LB,1
KZ,RW,2
KZ,SN,1
KZ,BJ,1
KZ,TG,1
KZ,HT,1
KZ,HN,1
KZ,NI,1
KZ,SV,2
LA,KH,5
LA,PH,10
LA,PK,4
LA,NG,1
LA,TZ,2
LA,UG,1
LA,KE,11
LA,US,606
LA,KG,1
LA,TJ,5
LA,MX,6
LA,MZ,2
LA,AZ,1
LA,MN,1
LA,GH,3
LA,RW,1
LA,BF,1
LA,ML,1
LA,AM,1
LA,TL,2
LA,PE,7
LA,SL,1
LA,AL,1
LA,EC,4
LA,LR,1
LA,BO,2
LA,HN,4
LA,PY,3
LA,NI,4
LA,SV,11
LA,CR,2
LA,PA,1
LA,WS,2
LB,TR,3
LB,YE,1
LB,UG,2
LB,NP,1
LB,GH,1
LB,MX,12
LB,SN,1
LB,BJ,2
LB,KH,3
LB,PE,6
LB,PY,1
LB,NI,2
LB,WS,2
LC,TG,1
LI,KH,1
LK,IN,2
LK,PH,12
LK,KE,4
LK,UG,1
LK,TJ,2
LK,MX,1
LK,KG,1
LK,CO,1
LK,PE,1
LK,LR,1
LK,NI,1
LK,SV,4
LR,SL,1
LR,ML,1
LR,WS,1
LS,KE,3
LT,PK,2
LT,IQ,1
LT,AZ,2
LT,TZ,1
LT,UG,1
LT,VN,2
LT,MM,1
LT,MX,3
LT,PH,8
LT,KE,9
LT,BF,1
LT,AM,1
LT,GE,4
LT,ML,3
LT,CO,1
LT,PE,2
LT,KH,3
LT,BO,2
LT,NI,1
LT,SV,3
LT,PY,1
LT,CR,1
LU,IN,7
LU,UA,2
LU,TR,2
LU,EG,1
LU,US,2
LU,NG,5
LU,PK,20
LU,AL,1
LU,ID,8
LU,AF,1
LU,MX,3
LU,BF,1
LU,TZ,2
LU,GH,6
LU,JO,2
LU,SN,1
LU,CM,5
LU,AZ,3
LU,MM,2
LU,ML,9
LU,UG,28
LU,VN,12
LU,NP,2
LU,KE,93
LU,LB,8
LU,PH,125
LU,CO,40
LU,MZ,4
LU,MW,2
LU,BI,1
LU,GE,7
LU,RW,4
LU,MG,7
LU,ZW,4
LU,TJ,21
LU,DO,1
LU,SL,11
LU,TG,16
LU,AM,18
LU,GT,3
LU,KG,10
LU,PE,40
LU,HT,5
LU,LR,5
LU,CL,1
LU,EC,16
LU,KH,32
LU,HN,8
LU,BO,12
LU,PY,5
LU,MN,7
LU,CR,4
LU,NI,16
LU,SV,43
LU,LS,4
LU,WS,23
LV,NG,1
LV,KE,1
LV,NP,1
LV,GE,1
LV,TJ,2
LV,CO,1
LV,SN,1
LV,RW,1
LV,ZM,1
LV,TG,1
LV,ZW,2
LV,PE,2
LV,HN,2
LV,SV,2
LV,PY,1
LY,KE,1
LY,TZ,1
LY,VN,1
LY,PH,2
LY,HT,1
LY,WS,1
MA,IN,1
MA,NG,1
MA,ML,1
MA,PK,7
MA,ID,1
MA,CM,1
MA,MX,1
MA,UG,1
MA,KE,3
MA,TG,1
MA,VN,1
MA,PH,5
MA,PE,2
MA,TJ,1
MA,SV,1
MA,NI,2
MA,TL,1
MC,IN,1
MC,PK,1
MC,TZ,1
MC,KE,3
MC,UG,3
MC,VN,1
MC,LB,4
MC,PH,8
MC,MG,1
MC,SL,1
MC,BI,1
MC,PE,4
MC,GT,1
MC,CL,1
MC,KH,7
MC,BO,1
MC,HN,1
MC,NI,1
MC,PY,1
MD,LB,1
MD,GE,2
MD,TJ,1
MD,MN,1
MD,BO,1
ME,KE,1
MG,PE,2
MH,BO,1
MH,SV,1
ML,SN,5
ML,BJ,1
ML,TJ,1
MM,VN,1
MM,PH,6
MM,KE,5
MM,RW,1
MM,JO,2
MM,CO,2
MM,PE,1
MM,EC,1
MN,PK,3
MN,PH,5
MN,VN,14
MN,TJ,1
MN,MX,6
MN,UG,1
MN,TZ,5
MN,KH,43
MN,AZ,2
MN,MZ,1
MN,PE,2
MN,HN,1
MN,NI,1
MN,WS,1
MO,TR,1
MO,IN,1
MO,NG,1
MO,PK,4
MO,JO,1
MO,CD,1
MO,ID,1
MO,KE,7
MO,MX,1
MO,VN,2
MO,NP,1
MO,MM,2
MO,PH,5
MO,TJ,1
MO,CO,2
MO,PE,1
MO,KH,5
MO,GT,1
MO,EC,1
MO,DO,1
MO,LA,1
MO,BO,1
MO,HN,2
MO,MN,1
MO,PY,1
MO,NI,1
MO,SV,6
MO,WS,1
MT,IN,1
MT,TR,2
MT,UA,1
MT,AL,1
MT,PK,5
MT,IQ,1
MT,US,2
MT,BA,1
MT,JO,1
MT,TZ,2
MT,GH,3
MT,AF,1
MT,UG,10
MT,KE,14
MT,LB,8
MT,MX,2
MT,SN,2
MT,MM,1
MT,VN,5
MT,TG,1
MT,MG,1
MT,CO,2
MT,PH,40
MT,AM,1
MT,GE,6
MT,SL,5
MT,LR,1
MT,TJ,10
MT,KG,2
MT,PE,16
MT,GT,3
MT,EC,4
MT,KH,33
MT,BO,6
MT,HN,5
MT,CR,1
MT,NI,5
MT,MN,4
MT,PY,9
MT,SV,8
MT,WS,3
MU,MG,1
MU,TZ,1
MU,ID,2
MU,PK,3
MU,NG,2
MU,UG,3
MU,ZW,1
MU,YE,1
MU,PH,3
MU,RW,1
MU,GH,1
MU,MX,1
MU,AZ,1
MU,TJ,1
MU,SL,1
MU,EC,1
MU,LR,1
MU,GT,2
MU,AL,1
MU,SV,2
MU,SR,1
MV,KE,1
MW,KE,4
MW,UG,2
MW,NG,1
MW,MG,1
MW,PK,1
MW,PH,11
MW,US,573
MW,TG,1
MW,CO,1
MW,KH,1
MW,PE,1
MW,LA,1
MW,HT,1
MW,SV,1
MX,US,11664
MX,HN,16
MX,SV,83
MX,NI,41
MX,HT,5
MX,NG,10
MX,PE,68
MX,PA,1
MX,PK,35
MX,TR,4
MX,CD,3
MX,UA,4
MX,VN,10
MX,BZ,2
MX,MM,1
MX,BO,30
MX,PH,189
MX,IQ,7
MX,TZ,12
MX,ML,4
MX,GH,14
MX,BF,3
MX,SN,9
MX,UG,21
MX,CM,7
MX,NP,3
MX,YE,7
MX,PY,18
MX,MZ,8
MX,MW,1
MX,ZM,1
MX,BJ,4
MX,MG,5
MX,ZW,4
MX,SL,15
MX,TG,10
MX,AZ,11
MX,RW,12
MX,LR,9
MX,BA,1
MX,TJ,37
MX,SR,1
MX,KG,11
MX,AL,3
MX,GE,7
MX,AM,14
MX,TL,3
MX,WS,9
MY,ID,35
MY,VN,20
MY,IN,27
MY,CN,59
MY,TH,35
MY,MM,48
MY,KH,102
MY,PH,339
MY,PK,54
MY,AF,1
MY,NP,78
MY,LA,65
MY,US,8
MY,ZA,8
MY,IQ,2
MY,EG,59
MY,TZ,14
MY,NG,138
MY,TR,50
MY,CD,9
MY,UA,2
MY,YE,13
MY,KE,100
MY,BR,51
MY,UG,41
MY,MZ,4
MY,MG,46
MY,MX,13
MY,ZW,2
MY,SO,33
MY,TJ,40
MY,KG,9
MY,AZ,8
MY,ZM,13
MY,IL,1
MY,MW,53
MY,CM,22
MY,GH,19
MY,BI,4
MY,RW,16
MY,JO,16
MY,TL,12
MY,BF,13
MY,MN,6
MY,ML,12
MY,CO,33
MY,SN,8
MY,BJ,9
MY,LB,19
MY,CG,1
MY,GE,12
MY,AM,6
MY,TG,8
MY,PE,70
MY,GT,9
MY,AL,2
MY,SL,18
MY,DO,6
MY,MD,63
MY,EC,40
MY,LR,8
MY,HT,20
MY,HN,8
MY,BO,28
MY,LS,50
MY,PY,21
MY,NI,16
MY,CR,6
MY,SV,38
MY,PA,15
MY,SB,61
MY,WS,10
MY,SR,32
MY,BZ,41
MY,VC,5
MZ,PY,1
MZ,GT,1
NA,CD,2
NA,TZ,1
NA,KE,5
NA,GH,1
NA,KH,1
NA,EC,1
NA,SV,1
NG,BJ,1
NG,TG,5
NG,UG,1
NG,SN,1
NG,RW,1
NG,US,10378
NG,JO,1
NG,PH,7
NG,PE,1
NG,TJ,1
NG,PY,1
NG,HN,1
NI,SV,1
NI,PE,1
NI,NG,1
NI,PH,6
NI,TZ,3
NI,UG,2
NI,MZ,1
NI,WS,1
NL,CN,2
NL,IN,229
NL,TR,31
NL,UA,103
NL,EG,48
NL,US,38
NL,NG,474
NL,BR,3
NL,PK,769
NL,BA,7
NL,IQ,77
NL,CD,123
NL,CI,2
NL,MD,9
NL,TH,2
NL,ID,335
NL,AF,38
NL,TD,3
NL,IL,7
NL,MX,383
NL,ZA,8
NL,AL,101
NL,YE,81
NL,BF,127
NL,MM,34
NL,TZ,378
NL,CM,123
NL,GH,603
NL,VN,423
NL,JO,233
NL,UG,1145
NL,ML,575
NL,SO,4
NL,AZ,378
NL,KE,3881
NL,SN,581
NL,NP,257
NL,PH,5731
NL,LB,440
NL,CO,1091
NL,MW,35
NL,BJ,383
NL,ZM,45
NL,GE,164
NL,MG,123
NL,MZ,202
NL,BI,45
NL,LK,180
NL,ZW,92
NL,RW,357
NL,SL,443
NL,AM,421
NL,TJ,1407
NL,TG,717
NL,DO,107
NL,HT,113
NL,KG,268
NL,GT,238
NL,CG,28
NL,CL,26
NL,PE,2212
NL,LR,260
NL,EC,1274
NL,LA,25
NL,PA,3
NL,HN,255
NL,KH,1940
NL,BO,868
NL,CR,205
NL,MN,398
NL,PY,361
NL,NI,1265
NL,SV,2124
NL,LS,10
NL,SR,17
NL,BZ,1
NL,TL,67
NL,SB,13
NL,WS,304
NO,CN,1
NO,IN,153
NO,UA,77
NO,TR,12
NO,US,34
NO,EG,21
NO,PK,399
NO,NG,152
NO,BR,4
NO,BG,2
NO,IQ,79
NO,BA,1
NO,ID,102
NO,MD,5
NO,CD,64
NO,AF,36
NO,ZA,6
NO,MX,190
NO,CI,3
NO,IL,7
NO,MM,14
NO,YE,88
NO,VN,252
NO,TZ,218
NO,BF,34
NO,AL,39
NO,AZ,153
NO,NP,55
NO,SO,1
NO,CM,60
NO,JO,162
NO,GH,294
NO,UG,666
NO,KE,1493
NO,ML,157
NO,PH,3457
NO,LK,5
NO,SN,146
NO,LB,233
NO,MW,8
NO,CO,541
NO,GE,133
NO,ZM,16
NO,MG,54
NO,MZ,72
NO,BJ,96
NO,TJ,525
NO,BI,28
NO,KG,156
NO,AM,230
NO,ZW,57
NO,HT,29
NO,RW,205
NO,DO,51
NO,TG,194
NO,GT,125
NO,SL,203
NO,PE,1153
NO,CL,17
NO,CG,19
NO,EC,332
NO,LA,17
NO,KH,937
NO,PA,1
NO,LR,153
NO,HN,183
NO,MN,168
NO,BO,381
NO,CR,59
NO,NI,514
NO,SV,808
NO,PY,236
NO,LS,28
NO,SR,1
NO,TL,69
NO,BZ,4
NO,SB,10
NO,WS,220
NP,PH,7
NP,KH,2
NP,KE,2
NP,GH,1
NP,EC,1
NP,PY,1
NZ,IN,43
NZ,ID,88
NZ,BR,1
NZ,US,4
NZ,TH,1
NZ,MX,51
NZ,VN,102
NZ,PH,648
NZ,PK,124
NZ,NG,42
NZ,ZA,1
NZ,MM,12
NZ,EG,5
NZ,CD,14
NZ,TR,6
NZ,TZ,29
NZ,AF,2
NZ,NP,7
NZ,CL,7
NZ,CO,109
NZ,MZ,27
NZ,MG,23
NZ,PE,215
NZ,IQ,9
NZ,UA,12
NZ,CI,1
NZ,ZM,2
NZ,SO,1
NZ,KE,511
NZ,MW,6
NZ,UG,183
NZ,YE,17
NZ,GT,32
NZ,KH,309
NZ,CM,14
NZ,EC,66
NZ,ZW,24
NZ,GH,40
NZ,BF,6
NZ,LA,9
NZ,BI,4
NZ,BO,80
NZ,DO,11
NZ,HT,16
NZ,ML,26
NZ,HN,44
NZ,SB,3
NZ,SN,26
NZ,RW,76
NZ,PY,64
NZ,BJ,17
NZ,CR,16
NZ,CG,2
NZ,AZ,34
NZ,NI,96
NZ,TL,25
NZ,JO,30
NZ,TJ,106
NZ,SV,181
NZ,KG,33
NZ,TG,37
NZ,LS,2
NZ,SL,43
NZ,MN,25
NZ,LB,47
NZ,LR,35
NZ,MD,6
NZ,GE,19
NZ,WS,236
NZ,AM,44
NZ,AL,14
NZ,SR,1
NZ,BZ,5
OM,IN,6
OM,PK,383
OM,TR,1
OM,AF,22
OM,IQ,44
OM,ID,11
OM,YE,56
OM,NP,1
OM,NG,12
OM,UA,1
OM,MM,6
OM,TZ,12
OM,VN,8
OM,CD,3
OM,KE,113
OM,UG,34
OM,IL,1
OM,AZ,19
OM,PH,60
OM,TJ,119
OM,JO,96
OM,CM,5
OM,MZ,5
OM,ZW,1
OM,AM,1
OM,GE,4
OM,KG,50
OM,BI,5
OM,RW,23
OM,LB,187
OM,GH,31
OM,MX,20
OM,BF,5
OM,KH,81
OM,BA,1
OM,ML,32
OM,BJ,18
OM,CO,20
OM,AL,3
OM,SN,21
OM,CG,3
OM,TG,11
OM,CL,1
OM,PE,39
OM,MN,18
OM,SL,33
OM,LR,4
OM,EC,11
OM,DO,9
OM,GT,26
OM,BO,19
OM,HN,9
OM,PY,17
OM,CR,2
OM,TL,1
OM,SV,30
OM,NI,32
OM,WS,16
PA,CO,4
PA,EC,1
PA,GT,1
PA,NI,9
PA,PE,6
PA,SV,9
PA,NG,1
PA,BO,1
PA,PK,3
PA,GH,1
PA,SN,1
PA,VN,1
PA,ML,2
PA,UG,2
PA,PH,14
PA,MZ,1
PA,TG,1
PA,RW,3
PA,KH,1
PA,TJ,1
PA,KG,1
PE,PY,2
PE,SV,2
PE,PK,6
PE,SN,1
PE,UG,1
PE,ML,1
PE,MZ,1
PE,IQ,1
PE,PH,14
PE,VN,6
PE,LR,1
PE,RW,2
PE,GE,1
PG,PE,1
PH,VN,32
PH,PK,13
PH,IQ,1
PH,TZ,10
PH,YE,1
PH,MG,1
PH,CD,29
PH,UG,9
PH,ZA,42
PH,MZ,2
PH,TJ,4
PH,TL,1
PH,ZW,1
PH,BF,1
PH,RW,19
PH,BJ,1
PH,GE,1
PH,SN,6
PH,HT,1
PH,TG,3
PH,SL,75
PH,SV,17
PH,PY,3
PH,LR,28
PH,WS,6
PK,TJ,7
PK,IQ,2
PK,YE,4
PK,GH,1
PK,SL,1
PK,BO,1
PK,HN,1
PK,NI,1
PL,UA,5
PL,IN,7
PL,US,1
PL,PK,15
PL,IQ,1
PL,NG,9
PL,BR,1
PL,ID,4
PL,AL,3
PL,CD,5
PL,AZ,4
PL,JO,4
PL,YE,5
PL,MM,1
PL,TZ,8
PL,VN,9
PL,MX,10
PL,ZA,1
PL,GH,6
PL,BF,3
PL,CM,3
PL,GE,4
PL,UG,52
PL,KE,113
PL,LB,69
PL,PH,130
PL,NP,47
PL,ML,17
PL,AM,10
PL,BJ,1
PL,SN,7
PL,MW,1
PL,MZ,3
PL,CO,26
PL,MG,6
PL,TJ,56
PL,KG,9
PL,RW,16
PL,ZW,7
PL,TG,11
PL,SL,6
PL,DO,2
PL,PE,41
PL,GT,8
PL,KH,49
PL,EC,11
PL,LR,9
PL,MN,5
PL,HN,20
PL,BO,17
PL,CR,2
PL,NI,22
PL,PY,17
PL,SV,103
PL,LS,2
PL,TL,2
PL,WS,3
PT,IN,18
PT,NG,29
PT,EG,2
PT,US,16
PT,TR,3
PT,UA,13
PT,CD,9
PT,BF,2
PT,PK,79
PT,ML,23
PT,IQ,8
PT,SN,29
PT,ID,19
PT,GH,57
PT,ZA,1
PT,CM,8
PT,MX,58
PT,AF,3
PT,TZ,44
PT,YE,10
PT,TH,2
PT,UG,111
PT,KE,287
PT,BJ,32
PT,CO,75
PT,IL,7
PT,MM,6
PT,MW,1
PT,VN,51
PT,SL,39
PT,NP,4
PT,MD,2
PT,AL,10
PT,TG,43
PT,ZM,3
PT,JO,47
PT,MG,9
PT,AZ,23
PT,BI,5
PT,ZW,7
PT,LR,28
PT,DO,8
PT,HT,7
PT,PH,1426
PT,RW,61
PT,LB,99
PT,MZ,185
PT,GT,24
PT,CL,5
PT,PE,414
PT,EC,214
PT,GE,47
PT,TJ,171
PT,HN,30
PT,KG,36
PT,BO,83
PT,AM,96
PT,CR,8
PT,LA,3
PT,KH,267
PT,NI,96
PT,PY,118
PT,SV,198
PT,LS,1
PT,MN,25
PT,BT,1
PT,BZ,1
PT,TL,85
PT,WS,30
PY,BO,1
QA,IQ,1
QA,PK,7
QA,EG,2
QA,TR,1
QA,YE,4
QA,AF,2
QA,NG,3
QA,ID,3
QA,TZ,1
QA,CD,1
QA,JO,3
QA,US,1
QA,NP,1
QA,KE,29
QA,UG,11
QA,VN,3
QA,TJ,6
QA,LB,11
QA,CM,1
QA,PH,50
QA,RW,1
QA,KG,1
QA,GH,3
QA,MX,2
QA,ML,3
QA,BJ,1
QA,KH,14
QA,CO,2
QA,AL,2
QA,TG,4
QA,SL,3
QA,PE,5
QA,DO,1
QA,GT,3
QA,HN,1
QA,BO,4
QA,PY,1
QA,SV,1
QA,NI,4
QA,CR,2
RO,UA,3
RO,MD,1
RO,PK,2
RO,NG,1
RO,AL,1
RO,LB,3
RO,AZ,2
RO,YE,1
RO,TZ,1
RO,UG,12
RO,CM,1
RO,KE,26
RO,MX,2
RO,GH,3
RO,AM,6
RO,ML,1
RO,PH,33
RO,TJ,6
RO,MZ,1
RO,SN,3
RO,RW,4
RO,KG,2
RO,ZW,1
RO,CO,6
RO,TG,2
RO,SL,2
RO,LR,1
RO,PE,8
RO,KH,19
RO,EC,2
RO,MN,2
RO,BO,3
RO,HN,4
RO,NI,2
RO,SV,3
RO,PY,3
RO,TL,1
RO,WS,2
RS,PK,1
RS,NG,2
RS,US,1
RS,ID,1
RS,LB,2
RS,UG,1
RS,AZ,1
RS,KE,6
RS,MX,3
RS,NP,1
RS,ML,3
RS,AM,1
RS,PH,10
RS,SN,2
RS,TJ,1
RS,CO,1
RS,RW,1
RS,MW,1
RS,MZ,4
RS,KG,1
RS,TG,3
RS,SL,1
RS,PE,8
RS,BO,2
RS,PY,1
RS,NI,3
RS,SV,4
RS,SB,1
RS,WS,1
RU,IN,2
RU,UA,18
RU,PK,4
RU,US,1
RU,NG,2
RU,ID,1
RU,MD,1
RU,AZ,3
RU,JO,2
RU,VN,5
RU,YE,3
RU,MX,1
RU,TZ,2
RU,GE,4
RU,PH,20
RU,LB,3
RU,KE,16
RU,TJ,5
RU,UG,10
RU,AM,19
RU,KG,4
RU,MZ,2
RU,CO,6
RU,ZM,1
RU,RW,2
RU,BJ,2
RU,ZW,2
RU,TG,1
RU,KH,12
RU,PE,3
RU,GT,1
RU,DO,1
RU,MN,2
RU,LR,1
RU,EC,6
RU,HN,3
RU,BO,9
RU,CR,1
RU,PY,2
RU,SV,7
RU,NI,6
RU,WS,8
RW,UG,3
RW,TJ,1
RW,KH,1
RW,NI,1
SA,IN,10
SA,IQ,6
SA,EG,12
SA,TR,3
SA,YE,24
SA,PK,185
SA,UA,1
SA,TZ,2
SA,NG,30
SA,UG,11
SA,ID,27
SA,KE,50
SA,JO,64
SA,AZ,3
SA,US,2
SA,VN,2
SA,BR,1
SA,LB,21
SA,MG,2
SA,RW,2
SA,CM,4
SA,BI,1
SA,MW,2
SA,PH,59
SA,GH,3
SA,ZM,1
SA,MZ,3
SA,AM,7
SA,MX,3
SA,TJ,112
SA,ML,4
SA,KG,11
SA,SN,2
SA,AL,2
SA,KH,11
SA,TG,3
SA,LA,1
SA,CO,11
SA,SL,1
SA,PE,11
SA,LR,5
SA,EC,2
SA,GT,2
SA,HN,3
SA,PY,7
SA,NI,6
SA,SV,11
SA,SB,1
SA,WS,1
SC,KH,2
SC,TJ,1
SC,GE,1
SD,PH,1
SD,PE,1
SE,CN,2
SE,IN,160
SE,UA,89
SE,TR,23
SE,EG,27
SE,US,27
SE,PK,493
SE,BR,1
SE,BG,1
SE,NG,295
SE,IQ,80
SE,ID,150
SE,BA,3
SE,MD,17
SE,TH,2
SE,AF,56
SE,CD,125
SE,IL,11
SE,CI,3
SE,MX,226
SE,MM,24
SE,YE,71
SE,NP,24
SE,ZA,12
SE,AZ,175
SE,VN,343
SE,AL,46
SE,TZ,295
SE,JO,135
SE,LK,2
SE,BF,56
SE,CM,61
SE,SO,2
SE,PH,3137
SE,UG,974
SE,GH,529
SE,KE,4368
SE,LB,328
SE,GE,118
SE,MW,8
SE,ML,372
SE,CO,389
SE,SN,358
SE,MG,44
SE,TJ,581
SE,ZM,18
SE,AM,207
SE,MZ,107
SE,KG,260
SE,BJ,171
SE,BI,76
SE,ZW,96
SE,RW,369
SE,HT,43
SE,TG,315
SE,GT,150
SE,DO,86
SE,PE,1287
SE,SL,452
SE,CL,26
SE,LA,24
SE,KH,1158
SE,CG,47
SE,EC,452
SE,LR,220
SE,PA,2
SE,HN,165
SE,MN,232
SE,BO,529
SE,CR,63
SE,SV,555
SE,NI,684
SE,PY,283
SE,LS,6
SE,SR,2
SE,TL,65
SE,BZ,2
SE,SB,9
SE,WS,170
SG,ID,54
SG,IN,26
SG,VN,59
SG,TH,19
SG,MM,3
SG,PH,791
SG,KH,268
SG,PK,74
SG,NP,3
SG,LA,6
SG,EG,2
SG,US,2
SG,AF,2
SG,ZA,1
SG,TR,2
SG,BR,1
SG,NG,44
SG,TZ,12
SG,CD,8
SG,IQ,6
SG,YE,5
SG,UA,6
SG,MG,10
SG,KE,241
SG,UG,68
SG,MX,12
SG,MW,2
SG,MZ,17
SG,ZW,11
SG,CM,10
SG,BI,2
SG,AZ,11
SG,TJ,84
SG,KG,19
SG,TL,12
SG,GH,28
SG,JO,8
SG,RW,22
SG,BF,9
SG,MN,17
SG,ML,22
SG,CO,44
SG,BJ,6
SG,SN,12
SG,GE,5
SG,LB,31
SG,CG,4
SG,PE,93
SG,GT,7
SG,AM,14
SG,TG,31
SG,LS,1
SG,AL,2
SG,DO,4
SG,SL,23
SG,HT,8
SG,EC,31
SG,BO,16
SG,HN,19
SG,LR,23
SG,PY,22
SG,CR,4
SG,NI,55
SG,SV,89
SG,WS,32
SI,IN,2
SI,UA,1
SI,EG,1
SI,NG,3
SI,US,1
SI,PK,6
SI,CD,1
SI,JO,1
SI,TZ,4
SI,GH,3
SI,MX,3
SI,AZ,2
SI,UG,10
SI,CM,2
SI,LB,4
SI,ZA,1
SI,VN,3
SI,KE,28
SI,ML,4
SI,SN,3
SI,GE,1
SI,BJ,1
SI,PH,42
SI,MZ,1
SI,CO,4
SI,AM,2
SI,RW,5
SI,TJ,10
SI,TG,4
SI,KG,2
SI,SL,6
SI,PE,12
SI,GT,2
SI,LR,5
SI,KH,7
SI,EC,6
SI,HN,2
SI,BO,4
SI,MN,1
SI,PA,1
SI,SV,8
SI,NI,9
SI,PY,10
SI,SB,1
SI,WS,1
SK,UA,2
SK,IN,2
SK,NG,2
SK,PK,13
SK,IQ,2
SK,AL,2
SK,ID,1
SK,JO,1
SK,TZ,1
SK,AZ,2
SK,YE,3
SK,MX,2
SK,BF,1
SK,GH,2
SK,TH,1
SK,VN,4
SK,UG,12
SK,LB,6
SK,CM,3
SK,KE,35
SK,ML,3
SK,SN,1
SK,PH,59
SK,AM,5
SK,MZ,2
SK,CO,15
SK,MG,4
SK,TJ,14
SK,TG,2
SK,BI,2
SK,KG,3
SK,SL,2
SK,GT,1
SK,LR,1
SK,CG,1
SK,HT,1
SK,PE,19
SK,KH,10
SK,CL,1
SK,EC,8
SK,HN,3
SK,MN,3
SK,BO,10
SK,NI,5
SK,SV,12
SK,PY,13
SK,LS,1
SK,WS,5
SL,UG,2
SM,NG,1
SM,KE,1
SM,UG,1
SM,TZ,1
SM,GH,1
SM,LB,1
SM,PH,2
SM,KG,1
SN,RW,2
SO,TL,1
SR,PH,2
SV,RW,2
SY,LB,15
SY,JO,4
SY,PK,2
SY,NG,2
SY,ID,1
SY,KE,2
SY,PH,1
SY,TJ,1
SY,MX,1
SY,MG,1
SY,CO,1
SY,PY,1
SY,CR,1
SZ,MZ,1
SZ,ZM,1
SZ,NG,2
SZ,TZ,5
SZ,KE,1
SZ,MG,3
SZ,UG,1
SZ,YE,1
SZ,PH,1
SZ,BF,1
SZ,MX,2
SZ,ML,1
SZ,SN,1
SZ,KH,1
SZ,SL,2
SZ,BO,1
SZ,HN,1
SZ,SV,1
SZ,WS,2
TH,MM,2
TH,IN,25
TH,VN,58
TH,LA,3
TH,KH,336
TH,PH,174
TH,PK,226
TH,NP,9
TH,AF,2
TH,EG,1
TH,TR,1
TH,NG,6
TH,CD,1
TH,TZ,10
TH,US,76
TH,YE,2
TH,UA,3
TH,MG,2
TH,MX,4
TH,KE,206
TH,UG,73
TH,MZ,11
TH,TJ,53
TH,ZW,2
TH,AZ,8
TH,KG,37
TH,BI,2
TH,MN,8
TH,GH,17
TH,CM,37
TH,BF,5
TH,SN,1
TH,JO,97
TH,ML,12
TH,RW,103
TH,TL,3
TH,MD,1
TH,CO,117
TH,LB,76
TH,BJ,19
TH,GT,4
TH,TG,10
TH,PE,35
TH,GE,103
TH,DO,1
TH,SL,4
TH,AM,72
TH,LR,2
TH,EC,29
TH,BO,93
TH,HN,174
TH,NI,52
TH,SV,100
TH,PY,119
TH,WS,5
TL,KH,1
TL,TJ,1
TL,NI,1
TN,PK,1
TN,UG,2
TN,KE,3
TN,JO,3
TN,SN,1
TN,LB,1
TN,PH,1
TN,RW,1
TN,MZ,2
TN,TJ,1
TN,BO,1
TR,UA,2
TR,IQ,2
TR,JO,1
TR,PK,13
TR,NG,3
TR,AZ,9
TR,CD,1
TR,YE,2
TR,GE,4
TR,BA,1
TR,AM,8
TR,KE,12
TR,VN,1
TR,UG,11
TR,TZ,19
TR,MM,1
TR,NP,1
TR,US,916
TR,CM,2
TR,GH,3
TR,CI,2
TR,BF,5
TR,PH,42
TR,ML,2
TR,MZ,1
TR,TJ,17
TR,RW,2
TR,BJ,1
TR,SN,2
TR,KG,3
TR,CO,3
TR,SL,3
TR,TG,29
TR,LA,1
TR,GT,1
TR,LR,3
TR,PE,28
TR,DO,2
TR,HN,1
TR,BO,4
TR,PY,1
TR,LS,1
TR,NI,3
TR,SV,15
TT,MX,1
TT,HT,1
TT,PE,1
TT,GT,1
TT,BO,3
TT,NI,1
TT,SV,1
TT,GH,1
TT,KE,1
TT,UG,1
TT,PH,5
TT,SL,2
TT,YE,1
TT,TG,2
TT,TJ,1
TT,GE,1
TT,WS,1
TW,IN,73
TW,PH,485
TW,ID,30
TW,VN,47
TW,MM,8
TW,PK,148
TW,NP,1
TW,LA,2
TW,AF,2
TW,US,21
TW,TR,2
TW,EG,3
TW,KH,290
TW,NG,18
TW,BR,1
TW,UA,7
TW,IQ,12
TW,TZ,17
TW,ZA,5
TW,CD,31
TW,MX,133
TW,MN,18
TW,YE,29
TW,MG,11
TW,UG,115
TW,MW,1
TW,KG,18
TW,KE,655
TW,MZ,10
TW,AZ,11
TW,CM,3
TW,TJ,183
TW,ZM,2
TW,ZW,4
TW,GH,29
TW,TL,2
TW,CO,126
TW,BI,5
TW,BF,14
TW,JO,62
TW,RW,24
TW,BJ,4
TW,SN,14
TW,ML,53
TW,GE,10
TW,PE,69
TW,GT,21
TW,DO,5
TW,LB,146
TW,HT,8
TW,TG,16
TW,EC,61
TW,HN,24
TW,AM,120
TW,AL,13
TW,SL,41
TW,CR,3
TW,LS,1
TW,BO,45
TW,LR,31
TW,NI,92
TW,SV,197
TW,PY,55
TW,WS,27
TZ,ZA,12
TZ,KE,3
TZ,UG,3
TZ,NG,1
TZ,RW,1
TZ,ZW,1
TZ,MZ,1
TZ,YE,1
TZ,PK,4
TZ,CM,1
TZ,GH,1
TZ,VN,3
TZ,UA,2
TZ,BF,2
TZ,ML,1
TZ,BJ,2
TZ,SN,1
TZ,TG,2
TZ,LB,1
TZ,AZ,2
TZ,CO,1
TZ,TJ,3
TZ,KH,6
TZ,PE,2
TZ,SL,3
TZ,KG,1
TZ,LR,1
TZ,GE,1
TZ,AL,1
TZ,DO,1
TZ,HT,1
TZ,SV,2
TZ,PA,1
TZ,WS,3
UA,PK,2
UA,JO,2
UA,AL,1
UA,YE,1
UA,LB,1
UA,GE,7
UA,UG,6
UA,PH,10
UA,CO,3
UA,RW,3
UA,KH,1
UA,TG,1
UA,PE,1
UA,LR,1
UA,BO,1
UA,SV,2
UA,NI,2
UG,MZ,11
UG,TJ,2
UG,SV,1
UG,TL,4
US,CO,14196
US,HT,2062
US,DO,2874
US,GT,6316
US,EG,695
US,PK,20451
US,HN,7971
US,CD,2261
US,UA,2901
US,PA,80
US,EC,16244
US,CI,202
US,PE,46254
US,ZA,336
US,MR,1
US,CR,2445
US,SV,29158
US,NI,22957
US,IQ,2001
US,CL,448
US,TD,54
US,MM,833
US,VN,10097
US,BF,1445
US,SN,5808
US,AF,1562
US,GH,11936
US,ML,6477
US,TZ,8270
US,CM,2095
US,PH,127870
US,NP,988
US,YE,1947
US,LK,54
US,BO,12812
US,UG,21387
US,BG,241
US,SO,123
US,MZ,3066
US,ZM,408
US,BJ,2987
US,MG,1691
US,SL,7076
US,BZ,95
US,ZW,2490
US,BI,903
US,JO,4341
US,PY,12934
US,AZ,6130
US,BA,477
US,TG,8414
US,MD,329
US,LR,4946
US,RW,8364
US,NA,3
US,CG,520
US,AL,1233
US,SR,136
US,LB,9325
US,TJ,20670
US,KG,5191
US,KH,37323
US,GE,2922
US,VC,8
US,AM,5372
US,MN,5400
US,BT,1
US,LS,142
US,VU,2
US,TL,1276
US,SB,249
US,WS,7959
UY,PY,1
UY,NG,1
UY,PE,1
UY,MX,1
UY,CO,1
UY,EC,1
UY,PK,1
UY,GH,2
UY,MZ,1
UY,SN,1
UY,KE,11
UY,HN,1
UY,PH,8
UY,SV,2
UY,RW,1
UY,KH,1
UY,LB,2
UY,TJ,2
UY,AM,1
UZ,TJ,1
UZ,UG,1
UZ,KH,1
VE,CO,5
VE,MX,1
VE,EC,11
VE,NG,1
VE,PE,19
VE,BO,3
VE,NI,5
VE,CD,1
VE,SV,5
VE,ID,1
VE,GH,1
VE,SN,4
VE,KE,7
VE,UG,21
VE,PH,28
VE,SL,5
VE,ZM,1
VE,LB,1
VE,KH,2
VE,TJ,3
VE,KG,2
VN,KH,44
VN,PK,3
VN,YE,1
VN,MG,1
VN,UG,5
VN,MZ,1
VN,TJ,2
VN,AZ,1
VN,ZW,1
VN,GH,3
VN,RW,1
VN,CO,1
VN,TL,1
VN,BF,1
VN,LB,1
VN,ML,3
VN,BJ,1
VN,SN,3
VN,TG,4
VN,SL,3
VN,HN,2
VN,BO,2
VN,LR,6
VN,SV,3
VN,NI,3
VU,PH,123
VU,MX,1
VU,CO,1
VU,KE,6
VU,PE,6
VU,UG,8
VU,CL,1
VU,EC,5
VU,HN,1
VU,BO,2
VU,NI,1
VU,RW,4
VU,SV,4
VU,LB,1
VU,PY,7
ZA,IN,1
ZA,ZW,3
ZA,ZM,2
ZA,CD,2
ZA,MW,1
ZA,NG,4
ZA,BI,2
ZA,RW,8
ZA,MG,2
ZA,PK,7
ZA,MZ,18
ZA,KE,114
ZA,UG,56
ZA,CM,2
ZA,VN,2
ZA,YE,2
ZA,GH,11
ZA,TH,1
ZA,IQ,3
ZA,UA,1
ZA,ML,2
ZA,MX,3
ZA,BJ,3
ZA,JO,6
ZA,TG,5
ZA,AZ,4
ZA,CO,5
ZA,SN,15
ZA,TJ,8
ZA,SL,13
ZA,KH,10
ZA,LR,3
ZA,PE,21
ZA,LB,5
ZA,MD,1
ZA,AM,3
ZA,EC,5
ZA,BO,9
ZA,PY,4
ZA,GT,6
ZA,GE,2
ZA,HN,4
ZA,CR,1
ZA,NI,11
ZA,SV,12
ZA,TL,1
ZA,WS,3
ZM,MW,1
ZM,IN,2
ZM,MZ,1
ZM,KE,3
ZM,PH,1
ZM,KH,2
ZW,NG,1
ZW,UG,1
ZW,KH,1
JO,,
PH,,
CO,,
IN,,
PK,,
IQ,,
EG,,
TR,,
AF,,
YE,,
ID,,
NP,,
UA,,
MM,,
TZ,,
NG,,
CD,,
US,,
AZ,,
VN,,
KE,,
BR,,
UG,,
JO,,
TJ,,
MW,,
PH,,
LB,,
ZM,,
MG,,
GE,,
BI,,
CM,,
MZ,,
RW,,
KG,,
GH,,
MX,,
BF,,
AM,,
ZW,,
LA,,
KH,,
ML,,
BJ,,
SN,,
AL,,
CO,,
CG,,
TG,,
SL,,
MN,,
PE,,
LR,,
DO,,
HT,,
GT,,
LS,,
EC,,
BO,,
HN,,
CR,,
PY,,
SV,,
NI,,
TL,,
SB,,
WS,,
PK,,
TJ,,
KG,,
VN,,
UA,,
AZ,,
PH,,
KE,,
UG,,
JO,,
GE,,
AM,,
KH,,
MX,,
MZ,,
ZW,,
RW,,
GH,,
ML,,
MN,,
CO,,
SN,,
BJ,,
TG,,
GT,,
PE,,
LR,,
EC,,
BO,,
HN,,
PY,,
NI,,
SV,,
PK,,
IQ,,
JO,,
KE,,
UG,,
AZ,,
PH,,
ZM,,
PE,,
GT,,
EC,,
UA,,
NG,,
LB,,
PH,,
GH,,
KH,,
SV,,
IN,,
CM,,
UG,,
GH,,
KE,,
MX,,
PE,,
CL,,
US,,
PY,,
PE,,
NG,,
MX,,
BO,,
CO,,
ID,,
EG,,
EC,,
PK,,
GH,,
TZ,,
GT,,
ML,,
SN,,
UG,,
UA,,
HT,,
VN,,
KE,,
HN,,
MW,,
YE,,
BJ,,
PH,,
SL,,
NI,,
RW,,
CR,,
TG,,
LR,,
SV,,
JO,,
IL,,
AZ,,
KH,,
LB,,
TJ,,
BA,,
AL,,
GE,,
AM,,
TL,,
IN,,
UA,,
TR,,
EG,,
BA,,
US,,
PK,,
NG,,
IQ,,
AL,,
CD,,
ID,,
AF,,
YE,,
JO,,
TZ,,
BF,,
AZ,,
MM,,
MX,,
CM,,
VN,,
UG,,
LB,,
GH,,
NP,,
KE,,
ML,,
MW,,
SN,,
GE,,
PH,,
BJ,,
BI,,
ZM,,
MZ,,
AM,,
MG,,
RW,,
CO,,
ZW,,
TJ,,
TG,,
CG,,
KG,,
SL,,
DO,,
GT,,
LR,,
PE,,
HT,,
KH,,
LA,,
EC,,
HN,,
BO,,
PA,,
MN,,
CR,,
PY,,
LS,,
NI,,
SV,,
TL,,
SB,,
WS,,
CN,,
IN,,
ID,,
TH,,
BR,,
US,,
VN,,
PH,,
PK,,
MM,,
ZA,,
MX,,
NG,,
LK,,
EG,,
CD,,
TR,,
AF,,
NP,,